ironConcentration,phytoGrowthRate
0.0109647819614319,0
0.0239883291901949,0.5
0.0281838293126445,0.35
0.072443596007499,1.04
0.0758577575029184,0.97
0.114815362149688,1.19
0.239883291901949,1.39
0.239883291901949,1.58
0.380189396320561,1.63
0.691830970918937,1.81
0.741310241300917,1.69
1.12201845430196,1.86
2.45470891568503,1.77
